symbol,direction,entry_ts,qty,entry_price,cost_basis
LTCUSDT,long,2026-10-03T15:00:11.069725+00:00,0.251,69.78,17.5148
LTCUSDT,long,2026-10-04T05:00:10.691430+00:00,107.335,70.37,7553.164
TRUMPUSDT,long,2026-10-02T15:00:10.079265+00:00,2.848,2.14,6.0947
PUMPUSDT,long,2026-10-04T06:00:11.486262+00:00,1192262.0,0.006465,7707.9738
PUMPUSDT,long,2026-10-04T18:30:08.285677+00:00,209699.0,0.006554,1374.3672
PUMPUSDT,long,2026-10-04T18:40:07.655365+00:00,657677.0,0.006568,4319.6225
WLDUSDT,long,2026-10-03T10:30:07.942437+00:00,134.7,0.5984,80.6045
WLDUSDT,long,2026-10-03T10:40:06.920762+00:00,21772.9,0.6043,13157.3635
NEARUSDT,long,2026-10-03T23:20:07.436915+00:00,1812.2,4.861,8809.1042
SUIUSDT,long,2026-10-04T15:05:08.046179+00:00,7198.7,1.2254,8821.287
FETUSDT,long,2026-10-04T16:00:11.688867+00:00,51523.0,0.2458,12664.3534
