symbol,direction,entry_ts,exit_ts,qty,entry_price,exit_price,gross_pnl,fees,net_pnl,return_pct,net_return_pct,hold_hours,entry_event,exit_event,entry_role,exit_role,exit_kind
LTCUSDT,long,2026-10-02T14:00:09.684574+00:00,2026-10-02T15:59:13.809137+00:00,249.982,71.14,70.86,-69.99496000000029,26.64058174,-96.63554174000029,-0.3935901040202472,-0.5433933089682332,1.984,placed,placed,TAKER,MAKER,trim
TRUMPUSDT,long,2026-10-02T15:00:10.079265+00:00,2026-10-02T15:59:14.556741+00:00,5693.985,2.14,2.136,-22.77594000000002,12.17373993,-34.949679930000016,-0.18691588785046953,-0.2868224299065422,0.985,placed,placed,MAKER,MAKER,trim
UNIUSDT,long,2026-10-03T04:00:11.138557+00:00,2026-10-03T04:30:07.539253+00:00,1434.86,9.176,9.1,-109.04936000000073,19.69488836,-128.74424836000074,-0.8282476024411567,-0.9778334786399359,0.499,placed,placed,TAKER,MAKER,exit
UNIUSDT,long,2026-10-03T06:00:10.884056+00:00,2026-10-03T13:30:09.906089+00:00,1430.06,9.16,9.139,-30.031260000001136,13.08433397,-43.115593970001136,-0.22925764192140985,-0.32914301310044536,7.5,placed,placed,MAKER,MAKER,exit
WLDUSDT,long,2026-10-03T10:05:07.644823+00:00,2026-10-03T14:40:06.929808+00:00,14413.3,0.5862,0.6159,428.0750099999992,12.887652195000001,415.18735780499924,5.066530194472874,4.91399692937563,4.583,placed,placed,TAKER,MAKER,trim
PUMPUSDT,long,2026-10-02T16:10:06.693173+00:00,2026-10-03T16:10:07.807676+00:00,1438473.0,0.006103,0.005755,-500.5886040000003,12.9182067765,-513.5068107765003,-5.7021137145666145,-5.8492626577093265,24.0,placed,placed,TAKER,MAKER,exit
WLDUSDT,long,2026-10-03T10:05:07.644823+00:00,2026-10-03T16:30:07.915723+00:00,49.0,0.5862,0.597,0.5291999999999961,0.057976799999999995,0.4712231999999962,1.8423746161719379,1.6405322415557695,6.417,placed,placed,TAKER,TAKER,trim
WLDUSDT,long,2026-10-03T10:30:07.942437+00:00,2026-10-03T16:30:07.915723+00:00,21762.0,0.5984,0.597,-30.466800000001477,19.503104399999998,-49.969904400001475,-0.23395721925134616,-0.38372326203209683,6.0,placed,placed,MAKER,TAKER,trim
LTCUSDT,long,2026-10-02T14:00:09.684574+00:00,2026-10-03T17:00:10.010177+00:00,0.251,71.14,69.16,-0.49698000000001047,0.026535720000000505,-0.5235157200000109,-2.7832443070002877,-2.931852684846786,27.0,placed,placed,TAKER,MAKER,trim
LTCUSDT,long,2026-10-03T15:00:11.069725+00:00,2026-10-03T17:00:10.010177+00:00,108.445,69.78,69.16,-67.23590000000048,11.3173202,-78.55322020000048,-0.8885067354542864,-1.038062482086564,2.0,placed,placed,TAKER,MAKER,trim
PUMPUSDT,long,2026-10-03T16:30:08.479366+00:00,2026-10-03T17:10:07.289580+00:00,1480654.0,0.005897,0.00618,419.0250819999991,17.881858358000002,401.1432236419991,4.799050364592161,4.594251314227563,0.666,placed,placed,TAKER,TAKER,exit
BTCUSDT,long,2026-10-03T18:00:10.446638+00:00,2026-10-03T21:00:09.712358+00:00,0.04261,85012.0,84749.76,-11.174046400000224,3.6167742968,-14.790820696800223,-0.308474097774436,-0.40831986072555077,3.0,placed,placed,MAKER,MAKER,exit
BNBUSDT,long,2026-10-03T17:00:11.059700+00:00,2026-10-04T01:30:08.435598+00:00,16.732,779.99,783.46,58.060040000000456,13.079822700000001,44.980217300000454,0.44487749842947455,0.3446550596802558,8.499,placed,placed,MAKER,MAKER,exit
PUMPUSDT,long,2026-10-03T18:45:07.349512+00:00,2026-10-04T01:30:09.355150+00:00,1210700.0,0.00638,0.006256,-150.12679999999997,11.436272200000001,-161.56307219999997,-1.9435736677115956,-2.0916300940438863,6.751,placed,placed,MAKER,TAKER,trim
AAVEUSDT,long,2026-10-04T02:30:08.010671+00:00,2026-10-04T06:00:10.209176+00:00,71.614,181.39,181.48,6.4452600000002445,19.48831782,-13.043057819999756,0.049616847676281495,-0.10040796074755863,3.501,placed,placed,TAKER,MAKER,exit
PUMPUSDT,long,2026-10-03T18:45:07.349512+00:00,2026-10-04T09:00:11.592609+00:00,172888.0,0.00638,0.006365,-2.5933200000000443,1.65194484,-4.245264840000044,-0.23510971786834256,-0.3848746081504742,14.251,placed,placed,MAKER,TAKER,trim
PUMPUSDT,long,2026-10-03T23:00:11.152132+00:00,2026-10-04T09:00:11.592609+00:00,1229644.0,0.006261,0.006365,127.88297599999991,15.525485144000001,112.35749085599991,1.6610765053505894,1.4594154288452315,10.0,placed,placed,TAKER,TAKER,trim
PUMPUSDT,long,2026-10-04T06:00:11.486262+00:00,2026-10-04T09:00:11.592609+00:00,168474.0,0.006465,0.006365,-16.847400000000043,2.16152142,-19.008921420000043,-1.5467904098994678,-1.7452436194895629,3.0,placed,placed,TAKER,TAKER,trim
BNBUSDT,long,2026-10-04T09:30:09.080616+00:00,2026-10-04T14:30:07.983165+00:00,16.033,793.22,787.06,-98.76328000000132,19.027162750000002,-117.79044275000132,-0.776581528453657,-0.9261932376894282,5.0,placed,placed,TAKER,MAKER,exit
